Cluster,Analysis,Backdoor,Bot,DDoS,DoS,DoS GoldenEye,DoS Hulk,DoS SlowHTTPTest,DoS Slowloris,Exploits,FTP Patator,Fuzzers,Generic,Heartbleed,Infiltration,Normal,Port Scan,Reconnaissance,SSH Patator,Shellcode,Web Attack - Brute Force,Web Attack - SQL Injection,Web Attack - XSS,Worms
Cluster 0,0,0,0,0,0,0,0,0,0,0,0,0,0,0,0,6297,0,0,0,0,0,0,0,0
Cluster 1,0,0,0,0,0,0,0,0,0,0,0,0,0,2601,0,0,0,0,0,0,0,0,0,0
Cluster 10,0,0,0,0,0,686,0,0,0,0,0,0,0,0,0,0,0,0,0,0,0,0,0,0
Cluster 100,0,0,0,0,0,0,0,0,0,0,0,0,0,0,0,0,0,0,627,0,0,0,0,0
Cluster 101,0,0,0,0,0,0,6149,0,0,0,0,0,0,0,0,2,0,0,0,0,0,0,0,0
Cluster 102,0,0,0,0,0,0,0,0,0,632,0,0,0,0,0,0,0,0,0,0,0,0,0,0
Cluster 103,0,0,0,0,0,0,6188,0,0,0,0,0,0,0,0,1,0,0,0,0,0,0,0,0
Cluster 104,0,0,0,0,0,0,0,0,0,0,0,0,0,0,0,4362,0,0,0,0,0,0,0,0
Cluster 105,0,0,0,0,0,0,0,0,0,465,0,0,0,0,0,0,0,0,0,0,0,0,0,0
Cluster 106,0,0,0,0,140,0,0,0,0,7,0,0,0,0,0,0,0,0,0,0,0,0,0,0
Cluster 107,0,0,0,0,0,0,0,0,0,0,0,0,0,0,0,291,0,0,0,0,0,0,0,0
Cluster 108,0,0,0,0,0,0,8470,0,0,0,0,0,0,0,0,0,0,0,0,0,0,0,0,0
Cluster 109,0,0,0,0,0,0,6353,0,0,0,0,0,0,0,0,1,0,0,0,0,0,0,0,0
Cluster 11,0,0,0,0,3,0,0,0,0,0,0,1,0,0,0,0,0,351,0,0,0,0,0,0
Cluster 110,0,0,0,0,1,0,0,0,0,2,0,171,0,0,0,2,0,0,0,0,0,0,0,0
Cluster 111,0,0,0,0,0,0,0,0,0,0,0,0,0,0,0,0,0,0,2543,0,0,0,0,0
Cluster 112,0,0,0,0,412,0,0,0,0,0,0,0,0,0,0,0,0,0,0,0,0,0,0,0
Cluster 113,0,0,0,0,0,0,0,0,0,1386,0,0,0,0,0,0,0,0,0,0,0,0,0,0
Cluster 114,0,0,1586,0,0,0,0,0,0,1,0,0,0,0,0,3,0,0,0,0,0,0,0,0
Cluster 115,0,0,0,0,0,0,0,0,0,0,0,0,0,0,0,0,0,0,0,0,0,0,0,931
Cluster 116,0,0,0,0,0,0,4667,0,0,0,0,0,0,0,0,0,0,0,0,0,0,0,0,0
Cluster 117,0,0,0,0,0,0,0,0,420,0,0,0,0,0,0,0,0,0,0,0,0,0,0,0
Cluster 118,0,0,0,0,0,0,0,0,0,0,0,0,0,0,0,2564,0,0,0,0,0,0,0,0
Cluster 119,0,0,0,0,0,3024,0,0,0,0,0,0,0,0,0,0,0,0,0,0,0,0,0,0
Cluster 12,0,0,0,0,700,0,0,0,0,0,0,0,0,0,0,0,0,4421,0,0,0,0,0,0
Cluster 120,0,589,0,0,0,0,0,0,0,0,0,0,0,0,0,0,0,0,0,0,0,0,0,0
Cluster 121,0,0,0,0,0,0,0,0,0,1942,0,0,0,0,0,0,0,0,0,0,0,0,0,0
Cluster 122,0,0,0,0,0,0,0,0,0,0,0,0,0,0,0,1,0,0,978,0,0,0,0,0
Cluster 123,0,0,0,0,1204,0,0,0,0,0,0,0,0,0,0,0,0,0,0,0,0,0,0,0
Cluster 124,0,0,0,0,0,0,0,0,0,372,0,0,0,0,0,0,0,0,0,0,0,0,0,0
Cluster 125,0,0,0,0,0,0,0,0,0,0,0,0,0,8417,0,0,0,0,0,0,0,0,0,0
Cluster 126,0,0,0,0,0,0,0,0,0,0,0,0,2901,0,0,0,0,0,0,0,0,0,0,0
Cluster 127,0,0,0,0,2440,0,0,0,0,0,0,0,0,0,0,0,0,0,0,0,0,0,0,0
Cluster 128,0,0,0,1957,0,0,0,0,0,0,0,0,0,0,0,1,0,0,0,0,0,0,0,0
Cluster 129,0,0,0,0,0,0,948,0,0,0,0,0,0,0,0,0,0,0,0,0,0,0,0,0
Cluster 13,0,0,0,0,0,0,0,0,0,0,0,0,0,0,0,0,0,0,0,0,2586,0,0,0
Cluster 130,0,0,0,0,1,0,0,0,0,2,0,0,405,0,0,0,0,0,0,0,0,0,0,0
Cluster 131,0,0,0,0,16,0,0,0,0,164,0,0,3,0,0,0,0,0,0,0,0,0,0,0
Cluster 132,0,0,0,0,0,0,0,0,0,0,1919,0,0,0,0,0,0,0,0,0,0,0,0,0
Cluster 133,0,0,0,0,0,0,0,0,0,0,0,0,0,277,0,0,0,0,0,0,0,0,0,0
Cluster 134,0,0,0,0,0,0,0,0,0,6,0,0,201,0,0,0,0,0,0,0,0,0,0,0
Cluster 135,0,0,0,0,0,0,0,0,0,0,0,0,0,0,0,0,0,0,0,0,2469,0,0,0
Cluster 136,0,0,0,0,0,0,0,0,0,0,0,0,0,0,0,976,0,0,0,0,0,0,0,0
Cluster 137,0,0,0,6992,0,0,0,0,0,0,0,0,0,0,0,4,0,0,0,0,0,0,0,0
Cluster 138,0,0,0,0,0,0,268,0,0,0,0,0,0,0,0,7,0,0,0,0,0,0,0,0
Cluster 139,0,0,0,0,622,0,0,0,0,0,0,0,0,0,0,0,0,0,0,0,0,0,0,0
Cluster 14,0,0,0,0,0,0,18702,0,0,0,0,0,0,0,0,5,0,0,0,0,0,0,0,0
Cluster 140,0,0,0,0,0,0,0,909,0,0,0,0,0,0,0,0,0,0,0,0,0,0,0,0
Cluster 141,0,0,0,0,0,0,0,0,0,0,0,0,0,6013,0,0,0,0,0,0,0,0,0,0
Cluster 142,0,0,0,0,0,0,0,0,0,89,0,0,2,0,0,0,0,0,0,0,0,0,0,0
Cluster 143,0,0,0,0,0,0,0,0,0,0,0,0,0,0,0,1,0,0,500,0,0,0,0,0
Cluster 144,0,0,0,0,0,0,0,0,0,0,0,0,0,0,0,0,0,0,3720,0,0,0,0,0
Cluster 145,0,0,0,0,0,0,0,0,0,0,0,0,0,0,0,4766,0,0,0,0,0,0,0,0
Cluster 146,0,0,0,0,0,0,4576,0,0,0,0,0,0,0,0,0,0,0,0,0,0,0,0,0
Cluster 147,0,0,0,0,0,0,0,0,0,0,0,0,1671,0,0,0,0,0,0,0,0,0,0,0
Cluster 148,0,0,0,0,0,0,0,0,0,0,0,0,0,13436,0,0,0,0,0,0,0,0,0,0
Cluster 149,0,0,0,0,0,0,0,0,0,2488,0,0,0,0,0,0,0,0,0,0,0,0,0,0
Cluster 15,0,0,0,0,0,0,0,0,0,1,0,0,0,0,0,0,0,0,0,0,0,0,0,843
Cluster 150,0,0,0,0,0,0,0,0,0,371,0,0,0,0,0,0,0,0,0,0,0,0,0,0
Cluster 151,0,0,0,0,0,0,0,0,0,0,1740,0,0,0,0,0,0,0,0,0,0,0,0,0
Cluster 152,0,0,0,3230,0,0,0,0,0,0,0,0,0,0,0,11,0,0,0,0,0,0,0,0
Cluster 153,0,0,0,0,0,0,0,0,0,0,0,0,856,0,0,0,0,0,0,0,0,0,0,0
Cluster 154,0,0,0,0,284,0,0,0,0,2,0,0,1,0,0,0,0,0,0,0,0,0,0,0
Cluster 155,0,0,0,0,0,0,0,0,0,0,0,0,0,8700,0,0,0,0,0,0,0,0,0,0
Cluster 156,0,0,0,0,0,0,0,0,0,0,0,0,0,0,0,2544,0,0,0,0,0,0,0,0
Cluster 157,0,0,0,0,0,0,0,0,0,0,0,0,0,0,0,0,0,0,1862,0,0,0,0,0
Cluster 158,0,0,0,0,0,0,1508,0,0,0,0,0,0,0,0,1,0,0,0,0,0,0,0,0
Cluster 159,0,0,0,0,0,0,0,0,0,0,0,0,0,0,0,0,0,0,0,0,0,0,659,0
Cluster 16,0,0,0,0,4,0,0,1666,0,0,0,0,0,0,0,0,0,0,0,0,0,0,0,0
Cluster 160,0,0,0,0,0,0,0,0,0,0,0,0,0,0,0,0,0,0,883,0,0,0,0,0
Cluster 161,0,0,0,0,1321,0,0,0,0,0,0,0,0,0,0,0,0,0,0,0,0,0,0,0
Cluster 162,0,0,0,0,0,0,0,0,0,0,0,0,0,0,0,4356,0,0,0,0,0,0,0,0
Cluster 163,0,0,0,0,0,0,1844,0,0,0,0,0,0,0,0,1,0,0,0,0,0,0,0,0
Cluster 164,0,0,0,4635,0,0,0,0,0,0,0,0,0,0,0,14,0,0,0,0,0,0,0,0
Cluster 165,0,0,0,0,0,0,2324,0,0,0,0,0,0,0,0,4,0,0,0,0,0,0,0,0
Cluster 166,0,0,0,0,0,0,0,0,0,0,0,0,0,0,0,0,0,0,388,0,0,0,0,0
Cluster 167,0,0,0,0,0,0,0,0,0,0,0,0,0,0,0,3639,0,0,0,0,0,0,0,0
Cluster 168,0,0,0,0,0,983,0,0,0,0,0,0,0,0,0,3,0,0,0,0,0,0,0,0
Cluster 169,0,0,0,5645,0,0,0,0,0,0,0,0,0,0,0,14,0,0,0,0,0,0,0,0
Cluster 17,0,0,0,0,0,0,0,0,0,0,0,0,0,0,3261,0,0,0,0,0,0,0,0,0
Cluster 170,0,0,0,0,7,0,0,0,0,16,0,0,140,0,0,0,0,0,0,0,0,0,0,0
Cluster 171,0,0,0,0,0,0,0,0,0,0,0,0,0,0,0,0,0,0,2675,0,0,0,0,0
Cluster 172,0,0,0,0,0,0,0,0,0,0,0,0,0,0,0,0,0,0,0,0,0,0,0,1424
Cluster 173,0,0,0,0,0,0,0,0,0,0,0,0,531,0,0,0,0,0,0,0,0,0,0,0
Cluster 174,0,0,0,0,0,0,0,0,0,0,0,0,0,0,0,2069,0,0,0,0,0,0,0,0
Cluster 175,0,0,0,0,0,0,5152,0,0,0,0,0,0,0,0,2,0,0,0,0,0,0,0,0
Cluster 176,0,0,0,0,1586,0,0,0,0,0,0,0,0,0,0,0,0,0,0,0,0,0,0,0
Cluster 177,0,0,0,0,0,0,0,0,0,0,0,0,0,0,0,1,0,0,597,0,0,0,0,0
Cluster 178,0,0,0,0,0,0,0,0,0,0,0,0,522,0,0,0,0,0,0,0,0,0,0,0
Cluster 179,0,0,0,0,0,0,0,0,0,0,0,0,0,0,0,2187,0,0,0,0,0,0,0,0
Cluster 18,0,0,0,0,0,0,0,0,0,0,0,0,0,8172,0,0,0,0,0,0,0,0,0,0
Cluster 180,0,0,0,0,0,0,0,0,0,3894,0,0,0,0,0,0,0,0,0,0,0,0,0,0
Cluster 181,0,0,0,0,0,0,5134,0,0,0,0,0,0,0,0,0,0,0,0,0,0,0,0,0
Cluster 182,0,0,0,0,1,0,0,0,0,1,0,0,143,0,0,0,0,1,0,0,0,0,0,0
Cluster 183,0,0,0,0,0,0,1374,0,0,0,0,0,0,0,0,1,0,0,0,0,0,0,0,0
Cluster 184,0,0,0,0,0,0,0,0,0,0,1365,0,0,0,0,0,0,0,0,0,0,0,0,0
Cluster 185,0,0,0,0,0,0,0,0,0,0,0,0,0,0,0,0,0,0,0,0,2602,0,0,0
Cluster 186,0,0,0,0,1,0,0,0,471,0,0,0,0,0,0,1,0,0,0,0,0,0,0,0
Cluster 187,0,0,0,1559,1,0,0,0,0,0,0,0,0,0,0,7,0,0,0,0,0,0,0,0
Cluster 188,0,0,0,0,0,0,0,0,0,0,0,0,127,0,0,0,0,0,0,0,0,0,0,0
Cluster 189,0,0,0,0,0,0,0,0,0,1360,0,0,0,0,0,0,0,0,0,0,0,0,0,0
Cluster 19,0,0,0,0,0,0,0,0,0,0,0,0,0,0,0,1,0,0,843,0,0,0,0,0
Cluster 190,0,0,0,0,0,0,0,0,0,145,0,0,0,0,0,0,0,0,0,0,0,0,0,0
Cluster 191,0,0,0,0,0,0,0,0,0,0,0,0,538,0,0,0,0,0,0,0,0,0,0,0
Cluster 192,0,0,0,0,0,0,4715,0,0,0,0,0,0,0,0,2,0,0,0,0,0,0,0,0
Cluster 193,0,0,0,0,0,0,3971,0,0,0,0,0,0,0,0,3,0,0,0,0,0,0,0,0
Cluster 194,0,0,0,0,1,0,0,0,0,220,0,0,0,0,0,1,0,0,0,0,0,0,0,0
Cluster 195,0,0,0,0,0,0,0,0,0,0,0,0,0,0,0,0,0,0,879,0,0,0,0,0
Cluster 196,0,0,0,0,1,0,0,0,0,19,0,94,0,0,0,0,0,0,0,0,0,0,0,0
Cluster 197,0,0,0,0,0,0,6030,0,0,0,0,0,0,0,0,4,0,0,0,0,0,0,0,0
Cluster 198,0,322,0,0,3,0,0,0,0,1,0,0,0,0,0,1,0,0,0,0,0,0,0,0
Cluster 199,0,0,0,0,0,0,3429,0,0,0,0,0,0,0,0,0,0,0,0,0,0,0,0,0
Cluster 2,0,0,0,0,0,0,8637,0,0,0,0,0,0,0,0,1,0,0,0,0,0,0,0,0
Cluster 20,0,0,0,0,0,0,0,0,0,0,0,0,0,0,0,0,0,0,0,0,0,0,1093,0
Cluster 200,0,1,0,0,1,0,0,0,0,161,0,1,1,0,0,0,0,4,0,0,0,0,0,1
Cluster 201,0,0,0,0,0,0,1294,0,0,0,0,0,0,0,0,2,0,0,0,0,0,0,0,0
Cluster 202,0,0,0,0,0,0,6770,0,0,0,0,0,0,0,0,2,0,0,0,0,0,0,0,0
Cluster 203,0,0,0,0,0,0,0,0,0,0,0,0,0,0,0,0,0,1039,0,0,0,0,0,0
Cluster 204,0,0,0,0,0,0,0,0,0,0,0,0,0,0,0,3458,0,0,0,0,0,0,0,0
Cluster 205,0,0,0,0,0,0,0,0,0,0,2781,0,0,0,0,0,0,0,0,0,0,0,0,0
Cluster 206,0,0,0,0,0,0,0,0,0,0,0,0,0,0,0,2080,0,0,0,0,0,0,0,0
Cluster 207,0,0,0,0,0,0,14154,0,0,0,0,0,0,0,0,2,0,0,0,0,0,0,0,0
Cluster 208,0,0,0,0,3,0,0,0,0,0,0,1,169,0,0,0,0,0,0,0,0,0,0,0
Cluster 209,0,0,0,0,1396,0,0,0,0,0,0,0,0,0,0,0,0,0,0,0,0,0,0,0
Cluster 21,0,0,0,0,0,0,1922,0,0,0,0,0,0,0,0,0,0,0,0,0,0,0,0,0
Cluster 210,0,0,0,0,0,0,175,0,0,0,0,0,0,0,0,0,0,0,0,0,0,0,0,0
Cluster 211,0,0,0,0,0,0,0,0,0,0,0,0,0,0,0,0,0,0,877,0,0,0,0,0
Cluster 212,0,0,0,0,2127,0,0,0,0,0,0,0,0,0,0,0,0,0,0,0,0,0,0,0
Cluster 213,0,0,0,0,0,0,0,0,0,547,0,0,0,0,0,1,0,0,0,0,0,0,0,0
Cluster 214,0,0,0,6302,0,0,0,0,0,0,0,0,0,0,0,7,0,0,0,0,0,0,0,0
Cluster 215,0,0,0,0,0,0,7105,0,0,0,0,0,0,0,0,3,0,0,0,0,0,0,0,0
Cluster 216,0,0,0,0,0,0,0,0,0,0,0,0,1440,0,0,0,0,0,0,0,0,0,0,0
Cluster 217,0,0,0,0,0,0,0,0,0,0,0,0,0,0,0,218,0,0,0,0,0,0,0,0
Cluster 218,0,0,0,0,1,661,0,0,0,0,0,0,0,0,0,1,0,0,0,0,0,0,0,0
Cluster 219,0,0,0,0,0,0,4288,0,0,0,0,0,0,0,0,1,0,0,0,0,0,0,0,0
Cluster 22,0,0,1057,0,0,0,0,0,0,0,0,0,0,0,0,2,0,0,0,0,0,0,0,0
Cluster 220,0,0,0,0,0,0,0,0,0,1,0,0,561,0,0,0,0,0,0,0,0,0,0,0
Cluster 221,0,0,0,3604,0,0,0,0,0,0,0,0,0,0,0,13,0,0,0,0,0,0,0,0
Cluster 222,0,0,0,0,0,0,0,0,0,1,0,0,0,0,0,117,0,0,0,0,0,0,0,0
Cluster 223,0,0,0,0,4,0,0,0,0,253,0,0,0,0,0,1,0,0,0,0,0,0,0,0
Cluster 224,0,0,0,0,0,0,2656,0,0,0,0,0,0,0,0,3,0,0,0,0,0,0,0,0
Cluster 225,0,0,0,0,0,0,0,0,0,0,0,0,0,0,0,0,0,0,0,0,0,30,0,0
Cluster 226,0,0,0,0,0,0,0,0,0,0,0,0,0,0,0,1563,0,0,0,0,0,0,0,0
Cluster 227,0,0,0,0,0,0,0,0,0,0,0,1967,0,0,0,0,0,0,0,0,0,0,0,0
Cluster 228,0,0,0,0,0,0,0,0,0,0,0,0,0,6608,0,0,0,0,0,0,0,0,0,0
Cluster 229,0,0,0,0,0,735,0,0,0,0,0,0,0,0,0,0,0,0,0,0,0,0,0,0
Cluster 23,0,0,0,0,0,2162,0,0,0,0,0,0,0,0,0,1,0,0,0,0,0,0,0,0
Cluster 230,0,0,0,0,0,0,0,0,0,0,0,0,0,0,0,829,0,0,0,0,0,0,0,0
Cluster 231,0,0,0,0,0,0,0,0,0,0,1990,0,0,0,0,6,0,0,0,0,0,0,0,0
Cluster 232,0,0,0,0,0,0,0,0,0,0,0,0,0,0,0,3408,0,0,0,0,0,0,0,0
Cluster 233,0,0,0,0,0,0,0,0,0,0,2329,0,0,0,0,0,0,0,0,0,0,0,0,0
Cluster 234,0,0,0,0,0,0,0,0,0,0,0,0,0,0,0,5711,0,0,0,0,0,0,0,0
Cluster 235,0,0,1036,0,0,0,0,0,0,0,0,0,4,0,0,0,0,0,0,0,0,0,0,0
Cluster 236,0,0,0,0,0,0,2778,0,0,0,0,0,0,0,0,0,0,0,0,0,0,0,0,0
Cluster 237,0,0,0,0,0,0,2111,0,0,0,0,0,0,0,0,0,0,0,0,0,0,0,0,0
Cluster 238,0,0,0,0,0,0,0,0,0,719,0,0,0,0,0,0,0,0,0,0,0,0,0,0
Cluster 239,0,0,0,6365,0,0,0,0,0,0,0,0,0,0,0,8,0,0,0,0,0,0,0,0
Cluster 24,0,0,0,0,0,0,0,0,0,1661,0,0,0,0,0,0,0,0,0,0,0,0,0,0
Cluster 240,0,0,0,0,0,0,0,0,0,0,0,509,1,0,0,0,0,0,0,0,0,0,0,0
Cluster 241,0,0,0,0,1,0,0,0,0,1,0,0,329,0,0,0,0,0,0,0,0,0,0,0
Cluster 242,0,0,0,0,5,0,0,0,0,429,0,0,1,0,0,0,0,0,0,0,0,0,0,0
Cluster 243,0,0,0,0,0,0,0,0,0,0,0,0,0,0,0,1853,0,0,0,0,0,0,0,0
Cluster 244,0,0,0,0,0,0,0,0,0,0,0,0,0,0,0,991,0,0,0,0,0,0,0,0
Cluster 245,0,0,0,0,1328,0,0,0,0,0,0,0,0,0,0,0,0,0,0,0,0,0,0,0
Cluster 246,0,0,0,0,0,0,0,0,0,0,0,0,0,0,0,5469,0,0,0,0,0,0,0,0
Cluster 247,0,0,0,0,0,1412,0,0,0,0,0,0,0,0,0,1,0,0,0,0,0,0,0,0
Cluster 248,0,0,0,0,0,0,486,0,0,0,0,0,0,0,0,1,0,0,0,0,0,0,0,0
Cluster 249,0,0,0,0,0,0,0,0,0,0,0,0,0,0,0,1027,0,0,0,0,0,0,0,0
Cluster 25,0,0,0,0,0,0,0,0,0,1,0,0,0,0,0,0,0,0,0,1063,0,0,0,0
Cluster 250,0,0,0,0,0,0,1368,0,0,0,0,0,0,0,0,0,0,0,0,0,0,0,0,0
Cluster 251,0,0,0,0,0,0,0,0,0,0,0,0,1,0,0,1923,0,0,0,0,0,0,0,0
Cluster 252,0,0,0,0,0,0,0,0,0,0,0,0,0,0,0,1333,0,0,0,0,0,0,0,0
Cluster 253,0,0,0,0,0,0,0,0,0,0,0,0,0,0,0,0,0,0,1502,0,0,0,0,0
Cluster 254,0,0,0,0,1,0,0,0,0,0,1249,0,0,0,0,0,0,0,0,0,0,0,0,0
Cluster 255,0,0,0,4138,0,0,0,0,0,0,0,0,0,0,0,4,0,0,0,0,0,0,0,0
Cluster 256,0,0,0,0,0,0,0,0,0,0,0,0,0,0,0,0,0,0,2381,0,0,0,0,0
Cluster 257,0,0,0,0,18,0,0,0,0,113,0,0,0,0,0,0,0,0,0,0,0,0,0,0
Cluster 258,0,0,0,0,0,0,0,0,0,0,0,0,0,0,0,0,0,0,921,0,0,0,0,0
Cluster 259,0,0,0,0,1099,0,0,0,0,0,0,0,0,0,0,0,0,0,0,0,0,0,0,0
Cluster 26,0,0,0,0,809,0,0,0,0,0,0,0,3176,0,0,0,0,0,0,0,0,0,0,0
Cluster 260,0,0,0,0,0,0,0,0,0,0,0,0,0,0,0,0,0,0,0,0,2473,0,0,0
Cluster 261,0,0,0,0,1,0,0,0,0,847,0,0,0,0,0,0,0,0,0,0,0,0,0,0
Cluster 262,0,0,0,0,0,0,0,0,0,0,0,0,0,0,0,4604,0,0,0,0,0,0,0,0
Cluster 263,0,0,0,0,0,0,0,0,0,1,0,0,89,0,0,0,0,0,0,0,0,0,0,0
Cluster 264,0,0,0,0,0,0,0,0,0,0,0,0,0,0,0,4363,0,0,0,0,0,0,0,0
Cluster 265,0,0,0,2873,0,0,0,0,0,0,0,0,0,0,0,8,0,0,0,0,0,0,0,0
Cluster 266,0,0,0,0,0,0,0,0,0,597,0,0,0,0,0,0,0,0,0,0,0,0,0,0
Cluster 267,0,0,0,0,0,0,0,0,0,0,0,0,0,0,0,0,0,0,911,0,0,0,0,0
Cluster 268,0,0,0,0,0,0,0,0,0,0,0,0,0,0,0,2045,0,0,0,0,0,0,0,0
Cluster 269,0,0,0,0,0,0,0,0,0,1274,0,0,0,0,0,0,0,0,0,0,0,0,0,0
Cluster 27,0,0,0,0,0,0,0,0,1790,0,0,0,0,0,0,0,0,0,0,0,0,0,0,0
Cluster 270,0,0,0,0,0,0,0,0,0,0,0,0,230,0,0,0,0,0,0,0,0,0,0,0
Cluster 271,0,0,0,0,0,0,0,0,0,3,0,660,0,0,0,0,0,0,0,0,0,0,0,0
Cluster 272,0,0,0,0,0,0,0,0,0,0,0,0,0,0,0,2157,0,0,0,0,0,0,0,0
Cluster 273,0,0,0,1366,0,0,0,0,0,0,0,0,0,0,0,5,0,0,0,0,0,0,0,0
Cluster 274,0,0,0,0,34,0,0,0,0,140,0,0,4,0,0,0,0,0,0,0,0,0,0,0
Cluster 275,0,0,0,0,0,0,0,0,0,0,912,0,0,0,0,0,0,0,0,0,0,0,0,0
Cluster 276,0,0,0,4080,0,0,0,0,0,0,0,0,0,0,0,2,0,0,0,0,0,0,0,0
Cluster 277,0,0,0,0,109,0,0,0,0,0,0,0,0,0,0,0,0,0,0,0,0,0,0,0
Cluster 278,0,0,0,0,0,0,0,0,0,0,0,0,1538,0,0,0,0,0,0,0,0,0,0,0
Cluster 279,0,0,0,0,0,0,0,0,0,0,0,0,0,0,0,1985,0,0,0,0,0,0,0,0
Cluster 28,0,0,0,0,1,0,0,0,0,2,0,675,1,0,0,4,0,0,0,0,0,0,0,0
Cluster 280,0,0,0,0,88,0,0,0,0,20,0,0,0,0,0,0,0,0,0,0,0,0,0,0
Cluster 281,708,0,0,0,1,0,0,0,0,1,0,1,0,0,0,0,0,1,0,0,0,0,0,0
Cluster 282,0,0,0,0,0,0,0,0,0,771,0,0,0,0,0,2,0,0,0,0,0,0,0,0
Cluster 283,0,47,0,0,0,0,0,0,0,0,0,0,31,0,0,0,0,0,0,0,0,0,0,0
Cluster 284,0,0,0,0,4,0,0,0,0,93,0,0,0,0,0,1,0,0,0,0,0,0,0,0
Cluster 285,0,0,0,0,0,0,0,0,0,2018,0,0,0,0,0,0,0,0,0,0,0,0,0,0
Cluster 286,0,0,0,0,0,0,2251,0,0,0,0,0,0,0,0,1,0,0,0,0,0,0,0,0
Cluster 287,0,0,0,0,0,0,0,0,0,0,0,0,0,0,0,0,0,0,1366,0,0,0,0,0
Cluster 288,0,0,0,0,0,0,3680,0,0,0,0,0,0,0,0,3,0,0,0,0,0,0,0,0
Cluster 289,0,0,0,0,0,0,0,0,0,0,0,0,0,0,0,2436,0,0,0,0,0,0,0,0
Cluster 29,0,0,0,0,2,0,0,0,0,692,0,0,0,0,0,0,0,0,0,0,0,0,0,0
Cluster 290,0,0,0,0,0,0,8474,0,0,0,0,0,0,0,0,3,0,0,0,0,0,0,0,0
Cluster 291,0,0,0,0,2,0,0,0,0,114,0,0,4,0,0,0,0,0,0,0,0,0,0,0
Cluster 292,0,0,0,0,0,961,0,0,0,0,0,0,0,0,0,0,0,0,0,0,0,0,0,0
Cluster 293,0,0,0,0,0,0,4808,0,0,0,0,0,0,0,0,1,0,0,0,0,0,0,0,0
Cluster 294,0,0,0,0,0,0,0,0,0,0,0,0,0,0,0,814,0,0,0,0,0,0,0,0
Cluster 295,0,0,0,0,0,0,3767,0,0,0,0,0,0,0,0,0,0,0,0,0,0,0,0,0
Cluster 296,0,0,0,0,995,0,0,0,0,0,0,0,0,0,0,0,0,0,0,0,0,0,0,0
Cluster 297,0,0,0,0,0,0,0,0,0,1,0,0,385,0,0,0,0,0,0,0,0,0,0,0
Cluster 298,0,0,0,0,0,0,0,0,0,0,0,0,0,0,0,24,0,0,463,0,0,0,0,0
Cluster 299,0,0,0,0,0,0,900,0,0,0,0,0,0,0,0,1,0,0,0,0,0,0,0,0
Cluster 3,0,0,0,6997,0,0,0,0,0,0,0,0,0,0,0,14,0,0,0,0,0,0,0,0
Cluster 30,952,0,0,0,0,0,0,0,0,8,0,0,1,0,0,4,0,0,0,0,0,0,0,0
Cluster 300,0,0,0,0,1432,0,0,0,0,0,0,0,0,0,0,0,0,0,0,0,0,0,0,0
Cluster 301,0,0,0,0,0,0,0,0,0,0,0,1,15,0,0,0,0,92,0,0,0,0,0,0
Cluster 302,0,0,0,0,0,0,1525,0,0,0,0,0,0,0,0,0,0,0,0,0,0,0,0,0
Cluster 303,0,0,0,0,7,0,0,0,0,43,0,0,111,0,0,0,0,0,0,0,0,0,0,0
Cluster 304,0,0,0,0,0,0,0,0,0,0,0,2750,0,0,0,0,0,0,0,0,0,0,0,0
Cluster 305,0,0,0,2813,0,0,0,0,0,0,0,0,0,0,0,3,0,0,0,0,0,0,0,0
Cluster 306,0,0,0,0,0,0,0,0,0,0,0,0,0,2070,0,0,0,0,0,0,0,0,0,0
Cluster 307,0,0,0,0,0,0,4288,0,0,0,0,0,0,0,0,2,0,0,0,0,0,0,0,0
Cluster 308,0,0,0,0,0,0,0,0,0,2,0,0,453,0,0,0,0,0,0,0,0,0,0,0
Cluster 309,0,0,0,0,0,0,0,0,0,0,0,0,0,0,0,0,0,0,2909,0,0,0,0,0
Cluster 31,0,0,0,1739,0,0,0,0,0,0,0,0,0,0,0,2,0,0,0,0,0,0,0,0
Cluster 310,0,0,0,0,0,0,0,0,0,0,0,0,0,0,0,3,0,0,619,0,0,0,0,0
Cluster 311,0,0,0,0,0,0,0,0,0,2181,0,0,0,0,0,0,0,0,0,0,0,0,0,0
Cluster 312,0,0,0,0,0,0,0,0,0,0,0,0,0,0,0,4567,0,0,0,0,0,0,0,0
Cluster 313,0,0,0,0,0,0,0,0,0,0,0,0,0,0,0,2058,0,0,0,0,0,0,0,0
Cluster 314,0,0,0,0,0,0,0,0,0,0,0,3876,0,0,0,26,0,0,0,0,0,0,0,0
Cluster 315,0,0,0,0,0,0,0,0,0,0,0,0,0,0,0,5397,0,0,0,0,0,0,0,0
Cluster 316,0,0,0,0,0,0,0,0,0,0,0,0,0,0,0,0,0,0,896,0,0,0,0,0
Cluster 317,0,0,0,2312,0,0,0,0,0,0,0,0,0,0,0,1,0,0,0,0,0,0,0,0
Cluster 318,0,0,0,0,0,0,0,0,0,871,0,0,0,0,0,0,0,0,0,0,0,0,0,0
Cluster 319,0,0,0,6062,0,0,0,0,0,0,0,0,0,0,0,26,0,0,0,0,0,0,0,0
Cluster 32,0,0,0,0,1314,0,0,0,0,0,0,0,0,0,0,0,0,0,0,0,0,0,0,0
Cluster 320,0,0,0,0,0,0,0,0,0,0,0,1180,0,0,0,1,0,0,0,0,0,0,0,0
Cluster 321,0,0,0,0,0,0,0,0,0,1,0,0,0,0,0,0,0,0,775,0,0,0,0,0
Cluster 322,0,0,0,0,0,0,0,0,0,1,0,0,457,0,0,0,0,0,0,0,0,0,0,0
Cluster 323,0,0,0,0,368,0,0,0,0,0,0,0,0,0,0,0,0,0,0,0,0,0,0,0
Cluster 324,0,0,0,0,0,0,0,0,0,0,0,0,0,0,0,2279,0,0,0,0,0,0,0,0
Cluster 325,0,0,0,0,0,0,7726,0,0,0,0,0,0,0,0,1,0,0,0,0,0,0,0,0
Cluster 326,0,0,0,0,0,0,0,0,0,0,0,0,0,867,0,0,0,0,0,0,0,0,0,0
Cluster 327,0,0,0,0,0,0,0,0,0,0,0,0,0,0,0,0,0,0,683,0,0,0,0,0
Cluster 328,0,0,0,0,0,0,656,0,0,0,0,0,0,0,0,3,0,0,0,0,0,0,0,0
Cluster 329,0,0,0,0,3,0,0,0,0,208,0,0,0,0,0,0,0,0,0,0,0,0,0,0
Cluster 33,0,0,0,0,0,0,0,0,0,0,0,0,1,0,0,0,0,6550,0,0,0,0,0,0
Cluster 330,0,0,0,0,10,0,0,0,0,335,0,0,0,0,0,0,0,0,0,0,0,0,0,0
Cluster 331,0,0,0,0,0,0,0,0,0,0,0,0,0,0,1329,0,0,0,0,0,0,0,0,0
Cluster 332,0,0,0,0,0,0,0,0,0,0,0,0,0,0,2924,1,0,0,0,0,0,0,0,0
Cluster 333,0,0,0,0,0,0,139,0,0,0,0,0,0,0,0,0,0,0,0,0,0,0,0,0
Cluster 334,0,0,0,0,0,0,0,0,0,0,0,0,0,0,0,6518,0,0,0,0,0,0,0,0
Cluster 335,0,0,0,0,25,0,0,0,0,213,0,0,1,0,0,0,0,0,0,0,0,0,0,0
Cluster 336,0,0,0,0,0,0,0,0,0,0,0,0,0,0,0,2,358,0,0,0,0,0,0,0
Cluster 337,0,0,0,0,1,0,0,0,0,0,0,17,70,0,0,0,0,0,0,0,0,0,0,0
Cluster 338,0,0,0,0,0,0,10124,0,0,0,0,0,0,0,0,1,0,0,0,0,0,0,0,0
Cluster 339,0,0,0,0,0,0,0,0,0,0,0,0,0,0,0,3442,0,0,0,0,0,0,0,0
Cluster 34,0,0,0,1151,0,0,0,0,0,0,0,0,0,0,0,12,0,0,0,0,0,0,0,0
Cluster 340,159,0,0,0,1,0,0,0,0,4,0,9,17,0,0,1,0,0,0,0,0,0,0,0
Cluster 341,0,0,0,0,0,0,2318,0,0,0,0,0,0,0,0,0,0,0,0,0,0,0,0,0
Cluster 342,0,0,0,0,0,0,0,0,0,0,0,0,0,0,0,2479,0,0,0,0,0,0,0,0
Cluster 343,0,0,0,0,0,0,0,0,0,0,0,0,0,0,0,5835,0,0,0,0,0,0,0,0
Cluster 344,0,0,0,0,0,0,0,0,0,0,0,0,261,0,0,0,0,0,0,0,0,0,0,0
Cluster 345,0,0,0,0,594,0,0,0,0,0,0,0,0,0,0,0,0,0,0,0,0,0,0,0
Cluster 346,0,0,0,0,0,1923,1,0,0,0,0,0,0,0,0,0,0,0,0,0,0,0,0,0
Cluster 347,0,0,0,0,0,0,0,1324,0,0,0,0,0,0,0,0,0,0,0,0,0,0,0,0
Cluster 348,0,0,0,0,7,0,0,0,0,82,0,0,5,0,0,0,0,0,0,0,0,0,0,0
Cluster 349,0,0,0,0,550,0,0,0,0,0,0,0,0,0,0,0,0,0,0,0,0,0,0,0
Cluster 35,0,0,0,0,0,0,14656,0,0,0,0,0,0,0,0,4,0,0,0,0,0,0,0,0
Cluster 350,0,0,0,0,1071,0,0,0,0,0,0,0,0,0,0,0,0,0,0,0,0,0,0,0
Cluster 351,0,0,0,2210,0,0,0,0,0,0,0,0,0,0,0,11,0,0,0,0,0,0,0,0
Cluster 352,0,0,0,1751,0,0,0,0,0,0,0,0,0,0,0,6,0,0,0,0,0,0,0,0
Cluster 353,0,0,0,0,0,0,0,0,0,0,0,0,0,0,0,2,0,0,838,0,0,0,0,0
Cluster 354,0,0,0,0,0,0,0,0,0,358,0,0,0,0,0,0,0,0,0,0,0,0,0,0
Cluster 355,0,0,0,0,0,0,4422,0,0,0,0,0,0,0,0,0,0,0,0,0,0,0,0,0
Cluster 356,0,0,0,0,0,0,0,0,0,0,0,0,0,0,0,3444,0,0,0,0,0,0,0,0
Cluster 357,0,0,0,0,0,0,0,0,0,0,0,0,564,0,0,0,0,0,0,0,0,0,0,0
Cluster 358,0,0,0,0,0,0,3248,0,0,0,0,0,0,0,0,0,0,0,0,0,0,0,0,0
Cluster 359,0,0,0,0,2,0,0,0,0,430,0,0,0,0,0,0,0,0,0,0,0,0,0,0
Cluster 36,0,0,0,0,0,0,1760,0,0,0,0,0,0,0,0,1,0,0,0,0,0,0,0,0
Cluster 360,0,0,0,0,0,0,0,0,0,0,0,0,0,0,0,0,0,0,2750,0,0,0,0,0
Cluster 361,0,0,0,0,152,0,0,0,0,0,0,0,0,0,0,1,0,0,0,0,0,0,0,0
Cluster 362,0,0,0,0,0,0,0,0,0,0,0,0,0,8146,0,0,0,0,0,0,0,0,0,0
Cluster 363,0,0,0,0,0,0,0,0,537,0,0,0,0,0,0,1,0,0,0,0,0,0,0,0
Cluster 364,0,0,0,0,0,0,1236,0,0,0,0,0,0,0,0,1,0,0,0,0,0,0,0,0
Cluster 365,0,0,0,0,0,904,0,0,0,0,0,0,0,0,0,1,0,0,0,0,0,0,0,0
Cluster 366,0,0,0,0,0,2387,0,0,0,0,0,0,0,0,0,0,0,0,0,0,0,0,0,0
Cluster 367,0,0,0,3152,0,0,0,0,0,0,0,0,0,0,0,19,0,0,0,0,0,0,0,0
Cluster 368,0,0,0,0,0,0,5436,0,0,0,0,0,0,0,0,3,0,0,0,0,0,0,0,0
Cluster 369,0,0,0,0,2,0,0,0,0,1,0,0,0,0,0,0,0,186,0,0,0,0,0,0
Cluster 37,0,0,0,0,0,0,26,0,0,0,0,0,0,0,0,0,247,0,0,0,0,0,0,0
Cluster 370,0,0,0,0,0,0,0,0,0,0,0,0,674,0,0,0,0,0,0,0,0,0,0,0
Cluster 371,0,0,0,1,211,0,0,0,0,14,0,0,0,0,0,3,0,0,0,0,0,0,0,0
Cluster 372,0,0,0,0,0,0,0,0,0,0,0,0,0,0,0,0,0,0,3277,0,0,0,0,0
Cluster 373,0,0,0,0,558,0,0,0,0,0,0,0,0,0,0,0,0,0,0,0,0,0,0,0
Cluster 374,0,0,0,1978,0,0,0,0,0,0,0,0,0,0,0,7,0,0,0,0,0,0,0,0
Cluster 375,0,0,0,0,0,0,0,0,0,439,0,0,0,0,0,0,0,0,0,0,0,0,0,0
Cluster 376,0,0,0,0,552,0,0,0,0,0,0,0,0,0,0,0,0,0,0,0,0,0,0,0
Cluster 377,0,0,0,0,0,0,5044,0,0,0,0,0,0,0,0,0,0,0,0,0,0,0,0,0
Cluster 378,0,0,0,0,0,0,0,0,0,0,0,0,0,0,0,4400,0,0,0,0,0,0,0,0
Cluster 379,0,0,0,0,0,0,0,0,0,0,0,0,232,0,0,0,0,0,0,0,0,0,0,0
Cluster 38,0,0,0,0,0,0,0,0,0,0,0,0,438,0,0,0,0,0,0,0,0,0,0,0
Cluster 380,0,0,0,0,0,0,10468,0,0,0,0,0,0,0,0,4,0,0,0,0,0,0,0,0
Cluster 381,0,0,0,0,263,0,0,0,0,2,0,0,0,0,0,0,0,0,0,0,0,0,0,0
Cluster 382,0,0,0,0,0,0,0,0,0,0,0,0,0,0,0,0,0,0,2166,0,0,0,0,0
Cluster 383,0,0,0,0,0,0,0,0,0,0,0,0,0,0,0,334,0,0,0,0,0,0,0,0
Cluster 384,0,0,0,0,822,0,0,0,0,0,0,0,0,0,0,0,0,5141,0,0,0,0,0,0
Cluster 385,0,0,0,0,1,0,0,0,0,2,0,0,365,0,0,0,0,0,0,0,0,0,0,0
Cluster 386,0,0,0,0,0,0,0,0,0,12,0,0,0,0,0,0,0,0,0,0,0,0,0,471
Cluster 387,0,0,0,0,123,0,0,0,0,45,0,0,1,0,0,0,0,0,0,0,0,0,0,0
Cluster 388,0,0,0,0,0,0,0,0,0,0,1188,0,0,0,0,0,0,0,0,0,0,0,0,0
Cluster 389,0,0,0,0,1,0,0,0,0,2,0,0,120,0,0,1,0,0,0,0,0,0,0,0
Cluster 39,0,0,0,0,0,0,0,0,0,0,0,0,0,0,0,1995,0,0,0,0,0,0,0,0
Cluster 390,0,0,0,0,0,0,0,0,0,0,0,0,0,0,0,807,0,0,0,0,0,0,0,0
Cluster 391,0,0,0,0,1,0,0,0,0,0,0,471,0,0,0,1,0,0,0,0,0,0,0,0
Cluster 392,0,0,0,0,0,0,0,867,0,0,0,0,0,0,0,0,0,0,0,0,0,0,0,0
Cluster 393,0,0,0,0,0,0,3449,0,0,0,0,0,0,0,0,0,0,0,0,0,0,0,0,0
Cluster 394,0,0,0,0,0,0,0,0,562,0,0,0,2,0,0,1,0,0,0,0,0,0,0,0
Cluster 395,0,0,0,0,684,0,0,0,0,2,0,0,0,0,0,0,0,0,0,0,0,0,0,0
Cluster 396,0,0,0,0,0,0,0,0,0,0,0,0,0,4633,0,0,0,0,0,0,0,0,0,0
Cluster 397,0,0,0,0,0,0,0,0,0,5,0,0,477,0,0,0,0,0,0,0,0,0,0,0
Cluster 398,0,0,0,0,986,0,0,0,0,0,0,0,0,0,0,0,0,0,0,0,0,0,0,0
Cluster 399,0,0,0,0,0,0,0,0,644,0,0,0,0,0,0,0,0,0,0,0,0,0,0,0
Cluster 4,0,0,0,0,0,0,0,0,0,0,0,0,0,0,0,0,0,0,2737,0,0,0,0,0
Cluster 40,0,286,0,0,0,0,0,0,0,0,0,0,0,0,0,0,0,0,0,0,0,0,0,0
Cluster 400,0,0,0,0,770,0,0,0,0,0,0,0,0,0,0,0,0,0,0,0,0,0,0,0
Cluster 401,0,0,0,0,0,0,0,0,0,0,0,0,286,0,0,0,0,0,0,0,0,0,0,0
Cluster 402,0,0,0,0,0,0,3558,0,0,0,0,0,0,0,0,1,0,0,0,0,0,0,0,0
Cluster 403,0,0,0,0,0,0,0,0,0,0,0,0,0,0,0,0,0,0,1670,0,0,0,0,0
Cluster 404,0,0,0,0,290,0,0,0,0,0,0,0,0,0,0,0,0,1615,0,0,0,0,0,0
Cluster 405,0,0,0,0,0,0,9289,0,0,0,0,0,0,0,0,2,0,0,0,0,0,0,0,0
Cluster 406,0,0,0,0,1048,0,0,0,0,0,0,0,0,0,0,0,0,0,0,0,0,0,0,0
Cluster 407,0,0,0,0,0,0,0,0,0,0,0,0,0,0,0,0,0,0,887,0,0,0,0,0
Cluster 408,0,0,0,0,0,0,0,0,0,0,0,0,0,0,0,0,0,0,1230,0,0,0,0,0
Cluster 409,0,0,0,4492,0,0,0,0,0,0,0,0,0,0,0,8,0,0,0,0,0,0,0,0
Cluster 41,0,0,0,0,0,0,0,0,0,1872,0,0,0,0,0,0,0,0,0,0,0,0,0,0
Cluster 410,0,0,0,0,872,0,0,0,0,0,0,0,0,0,0,0,0,0,0,0,0,0,0,0
Cluster 411,0,0,0,0,0,0,0,0,0,1194,0,0,0,0,0,0,0,0,0,0,0,0,0,0
Cluster 412,0,0,0,0,0,0,0,0,0,0,0,0,0,0,0,0,0,0,0,0,1427,0,0,0
Cluster 413,0,0,0,3175,0,0,0,0,0,0,0,0,0,0,0,13,0,0,0,0,0,0,0,0
Cluster 414,0,0,0,0,0,0,0,0,0,0,0,0,0,0,0,3715,0,0,0,0,0,0,0,0
Cluster 415,0,0,0,0,0,0,0,0,0,0,1200,0,0,0,0,4,0,0,0,0,0,0,0,0
Cluster 416,0,0,0,0,0,0,6379,0,0,0,0,0,0,0,0,0,0,0,0,0,0,0,0,0
Cluster 417,0,0,0,0,0,0,0,0,0,0,0,0,0,7758,0,0,0,0,0,0,0,0,0,0
Cluster 418,0,0,0,0,0,0,0,0,0,0,0,0,313,0,0,0,0,0,0,0,0,0,0,0
Cluster 419,0,0,0,0,18,0,0,0,0,10,0,0,82,0,0,0,0,0,0,0,0,0,0,0
Cluster 42,0,0,0,0,0,0,11492,0,0,0,0,0,0,0,0,4,0,0,0,0,0,0,0,0
Cluster 420,0,0,0,0,460,0,0,0,0,0,0,0,0,0,0,0,0,0,0,0,0,0,0,0
Cluster 421,0,0,0,0,0,0,0,0,0,1356,0,0,0,0,0,0,0,0,0,0,0,0,0,0
Cluster 422,0,0,0,0,1011,0,0,0,0,0,0,0,0,0,0,0,0,0,0,0,0,0,0,0
Cluster 423,0,0,0,0,3851,0,0,0,0,0,0,0,0,0,0,0,0,0,0,0,0,0,0,0
Cluster 424,0,0,0,0,0,0,1253,0,0,0,0,0,0,0,0,3,0,0,0,0,0,0,0,0
Cluster 425,0,0,0,0,0,0,0,0,0,0,0,0,0,0,0,0,0,0,936,0,0,0,0,0
Cluster 426,0,0,0,0,0,0,0,0,0,0,0,0,0,0,0,2075,0,0,0,0,0,0,0,0
Cluster 427,0,0,0,0,0,0,0,0,0,0,0,0,0,0,0,399,0,0,0,0,0,0,0,0
Cluster 428,0,0,0,0,0,0,0,0,0,0,0,0,0,0,0,0,0,0,0,0,0,0,0,1076
Cluster 429,0,0,0,0,0,0,2,0,0,269,0,0,0,0,0,0,0,0,0,0,0,0,0,0
Cluster 43,0,0,0,0,0,0,0,0,0,0,0,0,2154,0,0,0,0,0,0,0,0,0,0,0
Cluster 430,0,0,0,0,0,0,0,0,0,0,0,0,0,0,0,1949,0,0,0,0,0,0,0,0
Cluster 431,0,0,0,0,0,0,0,0,0,0,0,0,0,0,0,0,0,0,2014,0,0,0,0,0
Cluster 432,0,0,0,0,0,0,15532,0,0,0,0,0,0,0,0,2,0,0,0,0,0,0,0,0
Cluster 433,0,0,0,0,1602,0,0,0,0,0,0,0,0,0,0,0,0,0,0,0,0,0,0,0
Cluster 434,0,0,0,0,0,0,0,0,0,3747,0,0,0,0,0,0,0,0,0,0,0,0,0,0
Cluster 435,0,0,0,0,0,0,0,0,0,0,0,0,0,0,0,3151,0,0,0,0,0,0,0,0
Cluster 436,0,0,0,0,1526,0,0,0,0,0,0,0,0,0,0,0,0,0,0,0,0,0,0,0
Cluster 437,0,0,0,0,0,0,0,0,0,0,0,0,0,0,0,1299,0,0,0,0,0,0,0,0
Cluster 438,0,0,0,0,127,0,0,0,0,15,0,0,0,0,0,0,0,3,0,0,0,0,0,0
Cluster 439,0,0,0,0,0,0,0,0,0,0,0,0,0,4968,0,0,0,0,0,0,0,0,0,0
Cluster 44,0,0,0,0,0,0,0,0,0,0,0,0,0,0,0,2128,0,0,0,0,0,0,0,0
Cluster 440,0,0,0,3601,0,0,0,0,0,0,0,0,0,0,0,13,0,0,0,0,0,0,0,0
Cluster 441,0,0,0,0,0,0,0,0,0,0,282,0,0,0,0,11,0,0,0,0,0,0,0,0
Cluster 442,0,0,0,0,0,0,14562,0,0,0,0,0,0,0,0,4,0,0,0,0,0,0,0,0
Cluster 443,0,0,0,0,0,0,0,0,0,0,0,0,0,0,0,2110,0,0,0,0,0,0,0,0
Cluster 444,0,0,0,0,0,0,0,0,0,274,0,0,0,0,0,0,0,0,0,0,0,0,0,0
Cluster 445,0,0,0,0,0,0,0,0,0,0,0,0,1783,0,0,0,0,0,0,0,0,0,0,0
Cluster 446,0,0,0,0,1,0,0,0,0,297,0,0,0,0,0,0,0,0,0,0,0,0,0,0
Cluster 447,0,0,0,0,0,0,0,0,0,2,0,0,0,0,0,0,0,315,0,0,0,0,0,0
Cluster 448,0,0,0,4085,0,0,0,0,0,0,0,0,0,0,0,3,0,0,0,0,0,0,0,0
Cluster 449,0,0,0,0,0,0,2804,0,0,0,0,0,0,0,0,0,0,0,0,0,0,0,0,0
Cluster 45,0,0,0,0,2,0,0,0,0,170,0,0,9,0,0,0,0,0,0,0,0,0,0,0
Cluster 450,0,0,0,0,0,0,0,0,0,0,0,0,0,0,0,0,0,0,583,0,0,0,0,0
Cluster 451,0,0,0,0,570,0,0,0,0,0,0,0,0,0,0,0,0,0,0,0,0,0,0,0
Cluster 452,0,0,0,0,0,0,0,0,0,0,0,0,0,0,0,827,0,0,0,0,0,0,0,0
Cluster 453,0,0,0,0,304,0,0,0,0,0,0,0,0,0,0,1,0,1,0,0,0,0,0,0
Cluster 454,0,0,0,0,0,0,3171,0,0,0,0,0,0,0,0,0,0,0,0,0,0,0,0,0
Cluster 455,0,0,0,0,0,0,0,0,0,0,1263,0,0,0,0,0,0,0,0,0,0,0,0,0
Cluster 456,0,0,0,0,0,0,0,0,0,0,0,0,0,0,0,0,0,0,0,0,0,0,0,136
Cluster 457,0,0,0,0,0,0,0,0,0,0,0,364,0,0,0,0,0,0,0,0,0,0,0,0
Cluster 458,0,0,0,0,56,0,0,0,0,89,0,1,1,0,0,0,0,0,0,0,0,0,0,0
Cluster 459,0,0,0,0,0,0,4701,0,0,0,0,0,0,0,0,0,0,0,0,0,0,0,0,0
Cluster 46,0,0,0,3064,0,0,0,0,0,0,0,0,0,0,0,8,0,0,0,0,0,0,0,0
Cluster 460,0,0,0,2029,0,0,0,0,0,0,0,0,0,0,0,3,0,0,0,0,0,0,0,0
Cluster 461,0,0,0,0,0,0,0,0,0,9,0,0,108,0,0,0,0,0,0,0,0,0,0,0
Cluster 462,0,0,0,0,0,0,0,0,0,557,0,0,0,0,0,0,0,0,0,0,0,0,0,0
Cluster 463,0,0,0,0,0,0,2095,0,0,0,0,0,0,0,0,0,0,0,0,0,0,0,0,0
Cluster 464,0,0,0,0,4,0,0,0,0,138,0,0,16,0,0,0,0,0,0,0,0,0,0,0
Cluster 465,0,0,0,0,0,0,0,0,0,0,0,0,2347,0,0,0,0,0,0,0,0,0,0,0
Cluster 466,0,0,0,0,1,0,0,575,0,1,0,0,0,0,0,7,0,0,0,0,0,0,0,0
Cluster 467,0,0,0,0,0,0,3084,0,0,0,0,0,0,0,0,0,0,0,0,0,0,0,0,0
Cluster 468,0,0,0,0,0,0,0,0,0,0,0,0,0,0,0,201,0,0,0,0,0,0,0,0
Cluster 469,0,0,0,0,0,0,0,0,0,0,1337,0,0,0,0,0,0,0,0,0,0,0,0,0
Cluster 47,0,0,0,0,0,0,0,0,0,0,0,0,0,0,0,0,0,0,1955,0,0,0,0,0
Cluster 470,0,0,0,0,0,0,0,0,0,918,0,0,0,0,0,0,0,0,0,0,0,0,0,0
Cluster 471,0,0,0,0,0,0,3570,0,0,0,0,0,0,0,0,0,0,0,0,0,0,0,0,0
Cluster 472,0,0,0,0,0,0,473,0,0,0,0,0,0,0,0,14,0,0,0,0,0,0,0,0
Cluster 473,0,0,0,0,0,0,0,0,0,0,0,0,0,0,0,0,0,0,804,0,0,0,0,0
Cluster 474,0,0,0,0,0,0,0,0,0,0,0,0,0,0,0,2724,0,0,0,0,0,0,0,0
Cluster 475,0,0,0,0,0,0,3330,0,0,0,0,0,0,0,0,0,0,0,0,0,0,0,0,0
Cluster 476,0,0,0,0,0,0,790,0,0,0,0,0,0,0,0,0,0,0,0,0,0,0,0,0
Cluster 477,0,0,0,0,0,0,0,0,0,0,0,0,0,0,0,4322,0,0,0,0,0,0,0,0
Cluster 478,0,0,0,0,711,0,0,0,0,1,0,0,0,0,0,0,0,0,0,0,0,0,0,0
Cluster 479,0,0,0,0,0,0,4041,0,0,0,0,0,0,0,0,0,0,0,0,0,0,0,0,0
Cluster 48,0,0,0,0,0,0,0,0,0,0,0,0,0,0,0,3738,0,0,0,0,0,0,0,0
Cluster 480,0,0,0,0,0,0,0,0,0,0,0,0,0,0,0,0,0,0,1196,0,0,0,0,0
Cluster 481,0,0,0,0,0,1649,0,0,0,0,0,0,0,0,0,0,0,0,0,0,0,0,0,0
Cluster 482,0,0,0,0,42,0,0,0,0,0,0,0,0,0,0,0,0,0,0,0,0,0,0,0
Cluster 483,0,0,0,0,609,0,0,0,0,0,0,0,0,0,0,0,0,0,0,0,0,0,0,0
Cluster 484,0,0,0,0,108,0,0,0,0,2,0,0,0,0,0,0,0,0,0,0,0,0,0,0
Cluster 485,0,0,0,0,0,0,0,0,0,0,0,0,0,0,0,1293,0,0,0,0,0,0,0,0
Cluster 486,0,0,0,0,0,0,0,0,0,0,0,0,0,0,0,3270,0,0,0,0,0,0,0,0
Cluster 487,0,0,0,0,0,0,0,0,0,0,1601,0,0,0,0,0,0,0,0,0,0,0,0,0
Cluster 488,0,0,0,0,0,0,0,0,0,556,0,0,0,0,0,0,0,0,0,0,0,0,0,0
Cluster 489,0,0,0,0,0,0,0,0,0,8,0,0,269,0,0,0,0,0,0,0,0,0,0,0
Cluster 49,0,0,0,0,1867,0,0,0,0,0,0,0,0,0,0,0,0,0,0,0,0,0,0,0
Cluster 490,0,0,0,0,0,0,0,0,0,4,0,47,12,0,0,1,0,1,0,0,0,0,0,0
Cluster 491,0,0,0,0,0,0,0,0,0,0,0,1295,0,0,0,1,0,0,0,0,0,0,0,0
Cluster 492,0,0,0,0,0,0,6253,0,0,0,0,0,0,0,0,3,0,0,0,0,0,0,0,0
Cluster 493,0,0,0,0,3,0,0,0,0,246,0,0,0,0,0,0,0,0,0,0,0,0,0,0
Cluster 494,0,0,0,0,552,0,0,0,0,0,0,0,0,0,0,0,0,0,0,0,0,0,0,0
Cluster 495,0,0,0,0,0,0,1728,0,0,0,0,0,0,0,0,0,0,0,0,0,0,0,0,0
Cluster 496,0,0,0,0,0,0,0,0,0,0,0,0,0,0,0,1784,0,0,0,0,0,0,0,0
Cluster 497,0,0,0,0,0,0,0,0,0,0,0,0,0,0,0,236,0,0,0,0,0,0,0,0
Cluster 498,0,0,0,0,0,0,0,0,0,0,0,0,250,0,0,0,0,0,0,0,0,0,0,0
Cluster 499,0,0,0,0,0,0,0,0,0,1,0,0,681,0,0,0,0,0,0,0,0,0,0,0
Cluster 5,0,0,0,0,0,0,0,0,0,1926,0,0,0,0,0,0,0,0,0,0,0,0,0,0
Cluster 50,0,0,0,0,1,0,0,0,0,244,0,0,2,0,0,0,0,0,0,0,0,0,0,0
Cluster 500,0,0,0,0,0,0,0,0,0,0,0,0,0,0,0,2268,0,0,0,0,0,0,0,0
Cluster 501,0,0,0,0,0,0,9139,0,0,0,0,0,0,0,0,0,0,0,0,0,0,0,0,0
Cluster 502,0,0,0,0,0,0,0,0,0,0,0,0,0,0,0,2385,0,0,0,0,0,0,0,0
Cluster 503,0,0,0,0,1,0,0,0,0,0,0,0,0,0,0,0,0,1197,0,0,0,0,0,0
Cluster 504,0,0,0,0,0,0,3733,0,0,0,0,0,0,0,0,0,0,0,0,0,0,0,0,0
Cluster 505,0,0,0,0,0,0,3171,0,0,0,0,0,0,0,0,2,0,0,0,0,0,0,0,0
Cluster 506,0,0,0,0,0,0,11102,0,0,0,0,0,0,0,0,3,0,0,0,0,0,0,0,0
Cluster 507,0,0,0,0,1031,0,0,0,0,0,0,0,0,0,0,0,0,0,0,0,0,0,0,0
Cluster 508,0,0,0,0,0,0,0,0,0,0,827,0,0,0,0,0,0,0,0,0,0,0,0,0
Cluster 509,0,0,0,0,0,0,0,0,0,0,0,0,0,0,0,1,0,0,0,0,0,0,662,0
Cluster 51,0,0,0,4721,0,0,0,0,0,0,0,0,0,0,0,9,0,0,0,0,0,0,0,0
Cluster 510,0,0,0,0,439,0,0,0,0,0,0,0,0,0,0,0,0,2835,0,0,0,0,0,0
Cluster 511,0,0,0,0,0,0,0,0,0,0,1511,0,0,0,0,0,0,0,0,0,0,0,0,0
Cluster 512,0,0,0,0,0,1079,0,0,0,0,0,0,0,0,0,0,0,0,0,0,0,0,0,0
Cluster 513,0,0,0,0,0,0,0,0,0,0,0,0,0,0,0,0,0,0,838,0,0,0,0,0
Cluster 514,0,0,0,0,0,0,0,0,0,10,0,696,0,0,0,2,0,0,0,0,0,0,0,0
Cluster 515,0,0,0,0,0,482,0,0,0,0,0,0,0,0,0,0,0,0,0,0,0,0,0,0
Cluster 52,0,0,0,0,523,0,0,0,0,3,0,0,0,0,0,0,0,0,0,0,0,0,0,0
Cluster 53,0,0,0,0,0,0,15141,0,0,0,0,0,0,0,0,3,0,0,0,0,0,0,0,0
Cluster 54,0,0,0,0,0,0,4076,0,0,0,0,0,0,0,0,0,0,0,0,0,0,0,0,0
Cluster 55,0,0,0,3648,0,0,0,0,0,0,0,0,0,0,0,23,0,0,0,0,0,0,0,0
Cluster 56,0,0,0,0,0,0,0,0,0,2,1137,0,0,0,0,0,0,0,0,0,0,0,0,0
Cluster 57,0,0,0,0,0,0,0,0,0,0,0,0,0,4295,0,0,0,0,0,0,0,0,0,0
Cluster 58,0,0,0,0,0,0,0,0,0,13,0,0,0,0,0,0,0,497,0,0,0,0,0,0
Cluster 59,0,0,0,0,0,0,0,0,0,0,0,0,0,8292,0,0,0,0,0,0,0,0,0,0
Cluster 6,0,0,0,0,1230,0,0,0,0,0,0,0,0,0,0,0,0,0,0,0,0,0,0,0
Cluster 60,0,0,0,0,0,2491,0,0,0,0,0,0,0,0,0,0,0,0,0,0,0,0,0,0
Cluster 61,0,0,0,0,0,0,0,0,0,1205,0,0,0,0,0,0,0,0,0,0,0,0,0,0
Cluster 62,0,0,0,0,0,0,6,226,0,0,0,0,0,0,0,1,0,0,0,0,0,0,0,0
Cluster 63,0,0,0,0,0,0,0,0,0,0,0,0,0,0,0,0,0,0,3012,0,0,0,0,0
Cluster 64,0,0,0,0,0,0,0,0,0,0,0,0,0,0,0,0,0,0,0,0,0,0,0,1670
Cluster 65,0,0,0,0,0,0,0,0,0,1,0,442,0,0,0,0,0,0,0,0,0,0,0,0
Cluster 66,0,0,0,3292,0,0,0,0,0,0,0,0,0,0,0,13,0,0,0,0,0,0,0,0
Cluster 67,0,0,0,0,0,0,0,0,0,0,0,0,0,0,0,0,0,0,0,0,0,0,1191,0
Cluster 68,0,0,0,0,0,0,0,0,0,0,0,0,0,4574,0,0,0,0,0,0,0,0,0,0
Cluster 69,0,0,0,2850,0,0,0,0,0,0,0,0,0,0,0,4,0,0,0,0,0,0,0,0
Cluster 7,0,0,0,0,0,0,0,0,0,0,2665,0,0,0,0,0,0,0,0,0,0,0,0,0
Cluster 70,0,0,0,0,0,0,0,0,0,0,0,0,0,0,0,12,0,0,244,0,0,0,0,0
Cluster 71,0,0,0,0,0,0,0,0,0,0,2445,0,0,0,0,0,0,0,0,0,0,0,0,0
Cluster 72,0,0,0,0,3,0,0,0,0,763,0,0,0,0,0,0,0,0,0,0,0,0,0,0
Cluster 73,0,0,0,0,0,0,0,0,0,0,0,0,0,0,0,4345,0,0,0,0,0,0,0,0
Cluster 74,0,0,0,0,0,0,672,0,0,0,0,0,0,0,0,2,0,0,0,0,0,0,0,0
Cluster 75,0,0,0,0,377,0,0,0,0,0,0,0,0,0,0,0,0,0,0,0,0,0,0,0
Cluster 76,0,0,0,0,5,0,0,0,0,718,0,0,0,0,0,0,0,0,0,0,0,0,0,0
Cluster 77,0,0,0,0,0,0,0,0,0,1,0,0,843,0,0,0,0,0,0,0,0,0,0,0
Cluster 78,0,0,0,0,0,1816,0,0,0,0,0,0,0,0,0,0,0,0,0,0,0,0,0,0
Cluster 79,0,0,0,0,0,0,0,0,0,0,0,0,0,0,0,5889,0,0,0,0,0,0,0,0
Cluster 8,0,0,0,0,0,0,0,0,0,0,0,6131,0,0,0,15,0,0,0,0,0,0,0,0
Cluster 80,0,0,0,0,0,0,0,0,0,0,0,0,0,8158,0,0,0,0,0,0,0,0,0,0
Cluster 81,0,0,0,0,0,0,0,0,0,0,0,0,0,0,0,0,0,0,0,0,1457,0,0,0
Cluster 82,0,0,0,0,0,0,0,0,0,0,0,1989,0,0,0,1,0,0,0,0,0,0,0,0
Cluster 83,0,0,0,0,0,0,0,0,0,0,0,0,0,0,0,2931,0,0,0,0,0,0,0,0
Cluster 84,0,0,0,0,0,0,8564,0,0,0,0,0,0,0,0,2,0,0,0,0,0,0,0,0
Cluster 85,0,0,0,0,0,0,0,0,0,0,0,0,0,0,0,0,0,0,1970,0,0,0,0,0
Cluster 86,0,0,0,0,568,0,0,0,0,0,0,0,0,0,0,0,0,0,0,0,0,0,0,0
Cluster 87,0,0,0,0,0,0,0,0,0,0,1943,0,0,0,0,0,0,0,0,0,0,0,0,0
Cluster 88,0,0,0,0,0,0,0,0,0,0,0,0,380,0,0,0,0,0,0,0,0,0,0,0
Cluster 89,0,0,0,0,0,0,3544,0,0,0,0,0,0,0,0,1,0,0,0,0,0,0,0,0
Cluster 9,0,0,0,0,0,0,0,0,0,0,0,0,2061,0,0,0,0,0,0,0,0,0,0,0
Cluster 90,0,0,0,0,0,0,0,0,0,0,0,0,0,9071,0,0,0,0,0,0,0,0,0,0
Cluster 91,0,0,0,0,0,0,0,0,0,0,0,0,0,0,0,2109,0,0,0,0,0,0,0,0
Cluster 92,0,0,0,0,0,0,12466,0,0,0,0,0,0,0,0,3,0,0,0,0,0,0,0,0
Cluster 93,0,0,0,0,0,0,0,0,0,0,0,0,2475,0,0,0,0,0,0,0,0,0,0,0
Cluster 94,0,0,0,0,3,0,0,0,0,0,0,948,0,0,0,0,0,0,0,0,0,0,0,0
Cluster 95,0,0,0,5594,0,0,0,0,0,0,0,0,0,0,0,3,0,0,0,0,0,0,0,0
Cluster 96,0,0,0,0,0,0,0,0,0,1,0,1112,0,0,0,4,0,0,0,0,0,0,0,0
Cluster 97,0,0,0,4512,0,0,0,0,0,0,0,0,0,0,0,9,0,0,0,0,0,0,0,0
Cluster 98,0,0,0,0,1941,0,0,0,0,0,0,0,0,0,0,0,0,0,0,0,0,0,0,0
Cluster 99,0,0,0,0,0,0,2298,0,0,0,0,0,0,0,0,0,0,0,0,0,0,0,0,0
